{
  "XGBoost": {
    "MSE": 224238.32008881934,
    "MAE": 390.28325461856616,
    "R2": 0.9138369431372243
  },
  "NaiveBaseline": {
    "MSE": 2956963.6397058824,
    "R2": -0.13620645270719578
  },
  "ResidualSummary": {
    "mean": -18.714660638786757,
    "std": 473.19531586588926
  }
}