Metric,Value
MSE,224238.32008881934
RMSE,473.53808726312536
MAE,390.28325461856616
R²,0.9138369431372243
