{
  "NeuralNetwork": {
    "MSE": 1257873.0243289513,
    "MAE": 875.6373034834194,
    "R2": 0.8774301970615683
  },
  "NaiveBaseline": {
    "MSE": 9358770.665519219,
    "R2": 0.08982170038473625
  },
  "ResidualSummary": {
    "mean": -313.10509239796545,
    "std": 1077.0194800559566
  }
}