Metric,Value
MSE,1260513.0378606548
RMSE,1122.7257180009083
MAE,876.7749184165232
R²,0.8774100088091826
