Metric,Value
MSE,422970.15811098914
RMSE,650.3615595274595
MAE,508.0199142198989
R²,0.8148590775123782
