{
  "XGBoost": {
    "MSE": 422970.15811098914,
    "MAE": 508.0199142198989,
    "R2": 0.8148590775123782
  },
  "NaiveBaseline": {
    "MSE": 2679712.6200597426,
    "R2": -0.17295382893040312
  },
  "ResidualSummary": {
    "mean": 342.20724843635116,
    "std": 553.0818220954447
  }
}