Metric,Value
MSE,65856.22537787721
RMSE,256.624678037552
MAE,212.04921915785846
R²,0.9711736582730418
