{
  "NeuralNetwork": {
    "MSE": 99946.93051362775,
    "MAE": 276.3062913267029,
    "R2": 0.9561351545824263
  },
  "NaiveBaseline": {
    "MSE": 2679712.6200597426,
    "R2": -0.17295382893040312
  },
  "ResidualSummary": {
    "mean": -186.8742269521236,
    "std": 255.0145188483901
  }
}