{
  "XGBoost": {
    "MSE": 271769.44360791385,
    "MAE": 292.1850687992416,
    "R2": 0.9271785074960938
  },
  "NaiveBaseline": {
    "MSE": 770010.0089634567,
    "R2": 0.7936733528565376
  },
  "ResidualSummary": {
    "mean": 248.32609173626747,
    "std": 458.39692716462935
  }
}