Metric,Value
MSE,271769.44360791385
RMSE,521.3151097061295
MAE,292.1850687992416
R²,0.9271785074960938
