{
  "XGBoost": {
    "MSE": 1137599.8831108455,
    "MAE": 860.2020562985521,
    "R2": 0.8893843393407244
  },
  "NaiveBaseline": {
    "MSE": 9338596.335440129,
    "R2": 0.0919522596554736
  },
  "ResidualSummary": {
    "mean": 463.1790703390026,
    "std": 960.8179427684327
  }
}