Metric,Value
MSE,1137599.8831108455
RMSE,1066.583275281797
MAE,860.2020562985521
R²,0.8893843393407244
