{
  "XGBoost": {
    "MSE": 598494.7104609467,
    "MAE": 607.6724895335478,
    "R2": 0.9239920630811335
  },
  "NaiveBaseline": {
    "MSE": 8890033.55101103,
    "R2": -0.12902102147475092
  },
  "ResidualSummary": {
    "mean": 535.0749074103861,
    "std": 558.7713534246433
  }
}