Metric,Value
MSE,598494.7104609467
RMSE,773.6243988273293
MAE,607.6724895335478
R²,0.9239920630811335
