Metric,Value
MSE,228848.47929558484
RMSE,478.3811025694732
MAE,456.32010017807903
R²,0.9120655001041083
