{
  "NeuralNetwork": {
    "MSE": 238313.8553516147,
    "MAE": 461.3731722320361,
    "R2": 0.9082947942190444
  },
  "NaiveBaseline": {
    "MSE": 2956963.6397058824,
    "R2": -0.13620645270719578
  },
  "ResidualSummary": {
    "mean": -456.2363756636105,
    "std": 173.68270227406194
  }
}