{
  "NeuralNetwork": {
    "MSE": 272785.4387962721,
    "MAE": 421.0209198277768,
    "R2": 0.9652796191715447
  },
  "NaiveBaseline": {
    "MSE": 8890033.55101103,
    "R2": -0.12902102147475092
  },
  "ResidualSummary": {
    "mean": -256.2162133626824,
    "std": 455.1509927372961
  }
}