Metric,Value
MSE,283289.36162647745
RMSE,532.2493415932776
MAE,438.5058163488052
R²,0.9640226729627942
