{
  "NeuralNetwork": {
    "MSE": 14249.457789191303,
    "MAE": 68.42596643358476,
    "R2": 0.9961748205321997
  },
  "NaiveBaseline": {
    "MSE": 770010.0089634567,
    "R2": 0.7936733528565376
  },
  "ResidualSummary": {
    "mean": -20.670634930652405,
    "std": 117.57451613793323
  }
}